idade_aeronave_anos,horas_voo_desde_ultima_manutencao,previsao_turbulencia,tipo_missao,experiencia_piloto_anos,incidente_reportado
7.311467973742705,33.06341945028722,Média,Transporte,19.427927059697662,0
7.427197905209615,38.73689745963756,Baixa,Transporte,13.720797686465753,0
12.370214488877238,171.6170509898162,Baixa,Transporte,22.96795283155506,0
13.10515671279508,32.48387627544359,Média,Transporte,17.777840962237512,0
12.583471296689012,21.65642915102695,Baixa,Transporte,5.104686090698946,0
3.2738083179759627,175.81874759207435,Baixa,Carga,21.97906420798907,0
12.930639764839702,121.7584307201942,Média,Transporte,13.290421227695848,0
6.141174782868607,13.979542595873435,Baixa,Carga,20.642047806533817,0
8.729571028715982,152.27700402302824,Média,Transporte,27.18672350532206,0
12.744710860161172,68.50668890232627,Baixa,Transporte,23.219451361266188,0
6.770805364945132,48.3829769964731,Baixa,Transporte,26.34857205354632,0
24.281758667148644,376.37509524098635,Alta,Transporte,2.959355341560185,1
5.098124456520992,61.26593682436072,Média,Carga,13.220565446215232,0
7.384167846720522,133.92260931363978,Baixa,Carga,22.68197279764168,0
1.0829761346876376,25.004140816257436,Baixa,Carga,24.054364679541116,0
10.597135897303517,82.27610430437784,Baixa,Transporte,27.77065661715788,0
12.256081064239199,54.06994826203533,Baixa,Transporte,9.06652037763713,0
0.1465627112877549,67.74981623573753,Baixa,Transporte,9.503966193315481,0
1.933048012101678,107.37550326636303,Baixa,Carga,29.672398634707438,0
10.963012128054665,148.82359694545676,Média,Transporte,17.90708247994185,0
8.961196532554624,132.70405440448914,Baixa,Vigilância,24.966394508915915,0
12.935455631201178,72.13630069701534,Baixa,Carga,26.840463218430383,0
12.696784376017773,176.8151208845632,Média,Carga,14.667676426099447,0
8.124513219913004,194.0128677429329,Baixa,Carga,27.8260366722464,0
0.589682097616484,164.46729035605776,Baixa,Carga,7.637085686525892,0
6.711185502351819,33.158357734020036,Baixa,Carga,12.8943287812374,0
8.041445495161806,41.84765109478036,Baixa,Transporte,15.659958920040562,0
11.60209688529901,194.59121127119963,Baixa,Transporte,23.20291093340416,0
0.7795692547720862,90.28420137926948,Média,Carga,8.081186453313787,0
5.56558144476904,167.96096773328486,Baixa,Transporte,23.54068218629722,0
5.758368320598171,34.26556189069461,Baixa,Carga,24.994584111144583,0
1.9373912272724247,137.95216233173429,Baixa,Transporte,18.914460712553833,0
4.460235110588261,10.61147008481295,Baixa,Carga,24.116273759621837,0
1.2826279628170212,12.300610294628616,Média,Carga,15.477486822927132,0
1.6594760543281084,82.31842576055021,Baixa,Transporte,10.057348728955091,0
2.8843352821300616,82.15929823405367,Baixa,Transporte,16.075842658440486,0
2.5055091913811283,104.32761894750695,Baixa,Transporte,5.267882442383974,0
10.92283134305405,40.41361064136887,Média,Carga,22.291391296663537,0
14.043183693655347,31.03691273199998,Média,Carga,17.096505471607784,0
13.133258269081608,391.2865394447438,Média,Carga,3.544632911484935,1
3.024409800716168,28.368525432876726,Baixa,Carga,7.153303476592008,0
18.06832073454985,390.38227154809573,Alta,Transporte,9.587529454061336,1
7.073642828252376,111.2619794447537,Baixa,Transporte,8.10864603577176,0
3.7084661160476555,190.60089999137867,Baixa,Carga,11.304321937388249,0
7.217101527822262,179.8962661861825,Baixa,Transporte,19.891995604038236,0
5.967833985686124,131.97458508422054,Média,Transporte,13.452110234156535,0
14.637978837286969,12.35676689268981,Média,Carga,6.240147708737069,0
8.128514210675371,10.99362657315342,Média,Carga,24.58468049989596,0
9.483964318792955,88.68465298049614,Média,Transporte,11.016762868928826,0
7.098148600373357,148.98433316466884,Média,Transporte,15.33791325724898,0
9.955067480439721,165.37921267281956,Baixa,Transporte,17.50145647977717,0
7.483322301770341,107.40440309756006,Média,Transporte,25.599941296999457,0
14.797728731894695,55.005406205151594,Média,Transporte,27.081840035655595,0
7.445493708018545,66.53420575057591,Baixa,Carga,29.414025583072608,0
14.159046082342293,144.0207698110707,Média,Vigilância,8.427463961133558,1
20.18862129753596,266.9644012595116,Alta,Vigilância,3.858891866686866,1
8.519178458289442,122.67842349548899,Baixa,Transporte,26.887216259897414,0
5.514612357395061,215.90058116550722,Alta,Carga,6.151077288675394,1
3.1402398500506545,187.5428450930477,Baixa,Transporte,20.340947574734596,0
14.262953433756156,162.6846717338917,Baixa,Vigilância,12.10460739279322,0
4.329458298603837,62.09052664636312,Baixa,Carga,8.586736425450502,0
19.94749947027713,494.2601816442403,Média,Vigilância,3.4455672699799673,1
9.771305825277963,93.48694804194592,Baixa,Transporte,10.349866967457839,0
10.35592242944048,155.32781969300436,Baixa,Transporte,6.425672850090484,0
12.098417217921746,151.68941871893412,Baixa,Vigilância,23.78197310934417,0
9.116051923182887,125.94277840075185,Média,Transporte,13.602290446236053,0
11.524101207967773,169.56243427076726,Média,Transporte,16.522458455164546,0
5.887403346100272,130.48700627619002,Baixa,Transporte,13.898944336766013,0
24.306119232416435,371.02574473691294,Alta,Vigilância,2.158008170967612,1
12.446127055608024,126.45852067395985,Baixa,Transporte,12.082110087314433,0
12.338058643847535,163.0773290605101,Baixa,Carga,6.26041934005523,0
5.957752944276822,139.24327804958713,Baixa,Transporte,24.90609023640968,0
11.991238184534689,28.843838921571024,Média,Carga,19.376514336470365,0
5.217138118532896,116.63232977367973,Baixa,Transporte,7.765089971829021,0
7.614155680266825,34.394914996283795,Média,Carga,19.146264007831167,0
2.8056562283628503,146.34357547505348,Baixa,Carga,25.075297038158013,0
14.086015477693442,123.66280587211037,Baixa,Transporte,16.886892880818344,0
16.003812343490033,488.7128330883843,Média,Vigilância,3.057534148344697,1
12.286534765112997,198.44389075637906,Média,Transporte,23.232745011930156,0
12.148116687819522,162.0677364862487,Baixa,Vigilância,20.752328171541585,0
14.24941775925338,169.96737769044364,Baixa,Carga,20.784399441084418,0
8.523105624369066,228.31202598869433,Alta,Transporte,5.71425712166419,1
14.735679253629096,28.185765548830727,Média,Carga,19.543416185529665,0
25.054924518850992,174.6074041599417,Alta,Transporte,13.291788666462983,1
1.864458352283171,115.97884930030473,Baixa,Transporte,15.135570628478874,0
13.108351163437728,178.5157310397612,Média,Transporte,21.721913276017133,0
9.25717479906045,30.52489328483136,Baixa,Transporte,25.393634515653023,0
8.894099022625547,111.15992963229125,Baixa,Transporte,17.821868557631696,0
10.202111576404507,189.68264793005363,Baixa,Vigilância,17.722351751747006,0
11.929009677898353,111.80726004988544,Média,Carga,29.563031806400968,0
3.7769858836042913,131.7846946956131,Baixa,Transporte,19.34664624192741,0
11.249407055987668,50.88835568327512,Baixa,Transporte,19.458994077913502,0
13.41828340341137,126.85246392738466,Média,Transporte,27.26646138654606,0
12.09301919689592,56.26163634949686,Baixa,Carga,22.232760302567257,0
1.0175558865775787,134.78821989761587,Baixa,Carga,27.632474975262888,0
13.7226885160215,95.45908327605127,Média,Transporte,13.74844633926785,0
2.411398440724623,19.871749735311,Média,Transporte,18.459874482173944,0
27.180318564408164,311.8602313424026,Média,Carga,14.355349292995264,1
13.918833167339733,314.3098736299034,Alta,Carga,9.583793946263075,1
5.963915969441914,130.58754191824886,Média,Carga,22.281166594649733,0
1.372302560966323,75.99523198918011,Média,Transporte,19.901252894023756,0
14.097481854202126,67.59438762961244,Baixa,Carga,19.964074830443998,0
2.993136763937177,179.53747464653392,Média,Vigilância,27.738711825303458,0
4.256638586980867,126.08638788168842,Baixa,Carga,29.943734725255016,0
10.444331638172097,162.94790993934626,Média,Transporte,28.809668809968116,0
13.289666223542808,159.83684328775723,Baixa,Transporte,22.62602265883982,0
6.281557873381097,184.59604139151534,Média,Transporte,16.462964054675382,0
8.885254928900434,92.57323256315523,Baixa,Vigilância,23.73423591612392,0
13.562380417406226,175.44315556407923,Baixa,Carga,12.872961114722393,0
10.973842826329978,63.48902769883669,Baixa,Carga,14.302056374072398,0
9.50217329739221,161.75569641436917,Baixa,Carga,19.30307409305516,0
14.154238802513984,89.37458606226895,Baixa,Transporte,14.833016759629718,0
4.877850963370423,62.5947184803481,Baixa,Transporte,8.828612502098904,0
1.2357156842376404,93.66144948998631,Média,Carga,27.730053405162177,0
23.240154458451602,426.88888008048633,Média,Vigilância,2.5908029444389524,1
2.112855305696998,110.13787814321381,Baixa,Transporte,16.877246821669203,0
9.501012814750887,71.67130768105136,Baixa,Transporte,8.330248103415716,0
5.3885005409964855,130.47976596150295,Média,Carga,5.023585381690777,0
2.5751892877245526,164.23625973712615,Média,Transporte,18.878344668829712,0
1.722552371088053,147.62437525446083,Baixa,Vigilância,14.907815637455514,0
8.513112723923372,137.43913926210848,Baixa,Carga,20.245319038702924,0
13.797834246191407,21.835441644711914,Média,Transporte,14.82867823735038,0
8.054616343401204,36.45662051234308,Média,Carga,23.80285831742437,0
5.341450888467694,77.15006206751644,Média,Carga,7.878654459880028,0
3.637057554520945,139.41239225334672,Baixa,Carga,24.16318290554068,0
11.070504246395556,148.4132286607065,Baixa,Vigilância,29.923735435291743,0
1.1270667260371314,154.61309203820002,Média,Transporte,24.14646609711855,0
6.219361855905356,101.45538881071148,Baixa,Transporte,29.45551671316396,0
7.1990825207568525,33.99030089725552,Média,Transporte,8.71266954109202,0
11.37394793893534,183.8671129973382,Baixa,Transporte,8.096150667645436,0
6.690086594369336,158.92043905222548,Baixa,Transporte,11.729039274790729,0
9.24975471781107,167.3673579630715,Baixa,Transporte,7.717063484367301,0
2.2928870877649805,90.51026819326493,Baixa,Carga,16.05083552327809,0
12.433250488239143,11.456166203352812,Baixa,Transporte,27.434932958039656,0
3.868315281498034,65.6361869731833,Baixa,Carga,9.519628764059489,0
28.046855875577922,196.82210860460015,Alta,Carga,8.40412635578117,1
8.911960730282027,70.0696599455826,Média,Transporte,12.333835536025246,0
13.813086007977198,11.436946245847002,Média,Carga,25.501687551391235,0
24.62939903482534,270.8431154505025,Média,Carga,9.143875470208563,1
5.13805292809006,304.8372233197124,Alta,Vigilância,2.5610788553574895,1
11.469499540000424,213.93619775098705,Média,Vigilância,12.566394374347533,1
10.186534787167345,114.54304300968974,Baixa,Transporte,8.011183499914136,0
14.3347724734463,116.43195485774997,Média,Transporte,6.368317673124647,0
3.8685424056740976,84.27213922204778,Média,Transporte,23.35914191230546,0
10.341974537058986,116.4837198862836,Média,Transporte,11.02009540182933,0
6.784774267774502,148.06748849336142,Baixa,Carga,9.155734051291468,0
6.392719533539594,36.7351903292641,Baixa,Transporte,9.220250144614106,0
1.7964319772887682,192.95610629514016,Baixa,Transporte,15.30699319579164,0
6.485022015639029,193.75405689924239,Baixa,Carga,14.42634827504247,0
2.718495992484902,21.427045094149193,Baixa,Carga,28.39843120621399,0
9.388370646555137,144.459377600774,Média,Transporte,8.292172585905176,0
11.327058835104285,50.97827895556626,Baixa,Transporte,28.940791156814697,0
7.722260308945353,106.19055130408853,Média,Transporte,10.149500896924042,0
6.7832691133471075,126.89169326389207,Baixa,Transporte,24.937851132412145,0
6.939344351089744,16.587350678031832,Média,Transporte,15.842358283009501,0
7.8658540399137005,28.63569034900647,Baixa,Transporte,29.91315771996548,0
10.22254083335894,112.60226377485701,Média,Transporte,24.58673900123169,0
2.7965739321638177,23.102023107720022,Baixa,Transporte,17.69394595471422,0
14.71693224223705,247.11325308770128,Alta,Vigilância,3.5278412081023633,1
4.896919623659878,134.10093020094376,Média,Carga,7.746577843519574,0
1.3737310998995123,149.2835462456382,Baixa,Transporte,21.130464396116597,0
7.612016006412543,59.13795862872737,Baixa,Carga,7.434172344780528,0
0.3190411627558071,92.4636795730363,Baixa,Carga,9.221461584259874,0
13.12052509026299,26.834081639127273,Baixa,Carga,6.340869788020771,0
1.086703316918383,196.02993822287937,Baixa,Carga,20.89113304881533,0
5.319332364611648,73.5571448609671,Baixa,Transporte,21.775324513322744,0
2.3154407291130346,26.2750674233218,Média,Transporte,15.819287108545472,0
3.475075520751651,148.60656344395537,Média,Vigilância,29.394470463723316,0
5.23302399814493,73.27036348105761,Baixa,Carga,29.273506240115463,0
11.403417898345298,177.21502663667707,Baixa,Transporte,11.92673124283499,0
4.675831016933223,107.97909126233458,Média,Transporte,20.10898299286928,0
3.3295824289942417,169.7656000909253,Baixa,Transporte,19.38983571600205,0
9.201227939036848,49.109829906985965,Baixa,Transporte,19.097989168890592,0
6.806843120754589,47.25856542029466,Média,Transporte,24.24366557142718,0
9.79119161777812,130.9672396117694,Baixa,Transporte,5.629977370526741,0
11.159194388590155,104.42306175210774,Baixa,Transporte,18.085034273050205,0
6.474893193445191,53.33515667029717,Baixa,Transporte,9.048075165805344,0
8.561674570033679,181.00439344562213,Baixa,Carga,15.017604170861667,0
0.3318532729349588,40.01141633871612,Baixa,Vigilância,27.73573759214691,0
10.194709240396048,91.63479442039767,Baixa,Transporte,29.03541549105124,0
10.021277048559693,17.91785111445301,Média,Transporte,23.375629654745584,0
4.4446218068398515,14.596435139357496,Média,Transporte,14.074571010096792,0
10.833788525895994,86.56623396538068,Baixa,Transporte,25.978665201768813,0
4.030160390774191,17.97073245201089,Baixa,Transporte,23.74649828220672,0
9.393304824471231,166.1110105649896,Média,Transporte,14.805444835838504,0
3.710221526147965,143.88934491996287,Baixa,Vigilância,13.088260312137288,0
11.910377839054439,188.02198637590192,Média,Transporte,20.12723796351346,0
8.548345273069748,171.77074197156819,Baixa,Carga,21.663049417325873,0
13.024087581125707,120.73329866586303,Baixa,Transporte,26.211794360156617,0
13.009413014397035,25.527815691887866,Média,Transporte,25.060044611283107,0
14.814743456040867,123.80591655367,Média,Carga,25.127432801028373,0
6.140010094725645,91.22304070491688,Baixa,Transporte,17.583628265153852,0
11.507824333966903,132.0873879116864,Baixa,Transporte,25.911054811746745,0
0.613029243997183,174.0333934186468,Baixa,Carga,20.427648610716407,0
1.2263854792330786,13.46419070850871,Baixa,Transporte,10.843519800918607,0
6.762590571061981,127.72171143058762,Média,Carga,14.553486870814233,0
9.977958310443002,136.33322765257142,Baixa,Carga,15.996390992845873,0
7.5512590628228535,125.50196763075448,Média,Transporte,7.15080392582358,0
0.5914021705275885,79.97881079630119,Baixa,Carga,7.7253403910232175,0
13.961643213606814,474.6919954946938,Alta,Transporte,14.600932963048287,1
6.161260317999943,304.2989210310263,Alta,Vigilância,3.5218712135588763,1
4.084609897790534,134.7309353929855,Média,Transporte,19.69979073659582,0
2.647920480082624,134.82147969075652,Média,Carga,26.99786566817536,0
0.7044895016258257,97.50250448208661,Média,Transporte,21.976665112390936,0
12.965373747594557,25.08725108217561,Baixa,Transporte,14.43407941991627,0
13.759703631933641,127.03723554943402,Baixa,Vigilância,23.630368567270864,0
8.848765302819496,19.160287383505647,Baixa,Transporte,14.718158696913667,0
1.2244497304588435,175.8232295175643,Baixa,Transporte,23.99559146070971,0
3.0747644312373144,26.110483048702612,Baixa,Carga,20.252698050905867,0
6.295909753891834,196.9809606169346,Baixa,Vigilância,18.613883116366885,0
18.567402078956214,434.1209982356952,Alta,Vigilância,6.8733175338081525,1
9.0926195167632,27.841135999989493,Baixa,Transporte,8.364406677602695,0
5.053436876566603,99.0659134382561,Baixa,Carga,11.426567304730218,0
4.11322803523005,41.53143010619915,Baixa,Carga,9.189163482612663,0
5.260677231775652,187.29153295527595,Baixa,Transporte,9.20696471269282,0
12.218620803470731,76.0385896054066,Média,Vigilância,8.304491443846793,0
6.320355034156052,118.65573153316544,Baixa,Transporte,25.739067892076246,0
7.476632983935859,130.29876136286424,Baixa,Transporte,29.233045307104472,0
12.025921246046877,173.08491859183297,Baixa,Transporte,10.144859424735543,0
10.440309270806884,22.419569937233195,Baixa,Transporte,25.506332973622243,0
14.849403485849178,108.62136027257137,Baixa,Carga,7.004668920302832,0
10.248881454893938,125.62018181232865,Média,Transporte,15.763395522825924,0
13.061248519087671,124.12370264418762,Baixa,Transporte,16.168161717566015,0
9.621361388138176,211.45858569464457,Alta,Carga,3.085509317082694,1
2.512238733886046,97.468071528366,Média,Transporte,8.679081277373633,0
23.299848545285126,225.74239243053069,Média,Carga,8.568280841822144,1
3.0963190764090482,189.18440917149445,Baixa,Carga,15.007820904324852,0
1.753470610625461,16.8704722997048,Baixa,Transporte,24.61013683031993,0
10.635907791763746,150.58178294571675,Baixa,Transporte,28.15148899545664,0
0.275860148212001,34.33819180957801,Média,Vigilância,15.662493681046529,0
3.48319042720226,26.93364210204316,Baixa,Vigilância,19.70001158574071,0
5.055047646469294,11.046101840479956,Baixa,Transporte,6.711017731065653,0
10.078391153980926,181.33477850573047,Média,Carga,16.793495937960977,0
3.933960664497376,113.02506904345117,Baixa,Transporte,12.814950622707503,0
28.72213843133333,235.0460685614512,Média,Vigilância,3.3145947895962733,1
9.263103092182288,188.8431241882921,Alta,Carga,11.899638212327138,1
13.42810256530799,125.96341882907448,Média,Carga,18.91161593372055,0
9.473403301387808,94.24220273204567,Baixa,Transporte,23.71521771454581,0
2.728201265987172,53.18122917999878,Baixa,Transporte,17.49897479911971,0
7.84598137153679,161.13549255004855,Baixa,Transporte,21.09891448619034,0
19.966462104925917,303.42827646588114,Alta,Carga,12.743947059400641,1
1.8095380665090122,82.23716756931285,Baixa,Transporte,7.701113984410178,0
8.280707712779703,25.612616820521197,Baixa,Transporte,18.763292014905637,0
1.9512936019594795,85.23438980586643,Média,Carga,20.872666478829068,0
4.835307674620845,22.84638708252083,Média,Carga,16.920971943328112,0
10.885792625825399,174.97154329751913,Baixa,Carga,19.422030032780214,0
3.369072344099729,68.18818794945622,Baixa,Transporte,21.938645129594395,0
6.851116293352259,254.69413852021495,Alta,Vigilância,9.20010569721717,1
12.774558042891556,203.17665108606224,Alta,Carga,9.596086055000303,1
8.574190342048498,142.07746526904282,Baixa,Transporte,26.79782653201264,0
13.27245062131623,469.8774473114251,Média,Carga,7.909033841981052,1
1.10245120995019,63.32981094803512,Média,Transporte,19.33908200066775,0
10.622581329679225,82.27980142643685,Média,Transporte,13.25389875789011,0
12.008800486636243,31.087999150561405,Baixa,Transporte,14.670181051297,0
10.449762358153384,192.99187120194304,Baixa,Transporte,9.247176830476432,0
11.116809739350886,191.94880405602223,Baixa,Transporte,17.031948780480924,0
2.1016976364967883,82.56853153405022,Baixa,Transporte,5.564112792633681,0
7.896039914041698,167.5849863231809,Média,Carga,13.195954971250853,0
13.076753498883026,28.341549337133756,Baixa,Carga,19.9357310643355,0
8.899863008405067,199.71689165954996,Média,Transporte,13.641801970450606,1
7.438136026181562,117.41274836860588,Baixa,Carga,6.690118736809579,0
8.394604969623268,71.68842610911139,Baixa,Carga,14.900024159640381,0
15.68852545896374,458.84410398103086,Média,Carga,3.010550280544803,1
3.689365925767622,136.8344808653794,Baixa,Transporte,21.20583672019615,0
8.001916379644824,68.04961902502447,Baixa,Carga,20.64126973568191,0
9.000308221789556,138.47373679433247,Baixa,Transporte,19.911676885338593,0
11.24477747614387,161.60369032701988,Baixa,Transporte,8.06244654914973,0
10.4092266670065,75.75894804217926,Baixa,Transporte,6.5510354239138575,0
8.944048177230796,116.68207171230951,Baixa,Vigilância,12.801601116300516,0
8.140866650213942,195.36593816338384,Média,Transporte,6.778891971947743,0
10.834003977834888,38.532110155237916,Baixa,Vigilância,11.529060812771506,0
14.809141939724167,95.9178153738527,Baixa,Carga,8.582036467566027,0
0.47379217238463056,195.5920624170253,Baixa,Transporte,5.151176079599461,0
1.3038043213113553,190.76663501926484,Baixa,Transporte,14.445980343179667,0
11.997828839209728,157.18041832117973,Baixa,Carga,19.923630585329313,0
22.70181444490114,130.7919639315172,Média,Vigilância,3.1867267982197363,1
10.013366077815407,127.70316574182675,Baixa,Carga,5.642241121735204,0
10.983373296143418,16.709157438645423,Média,Carga,14.255804642114418,0
20.58245317068895,145.38940849623563,Média,Carga,11.044732956800024,1
13.980421582650262,182.75183911369643,Média,Transporte,12.284026820943613,0
6.522410079056193,56.86898425910837,Baixa,Transporte,8.267933089743932,0
14.533167829285372,130.57065933455772,Baixa,Carga,24.57903577309243,0
5.65926244656934,109.78104289674143,Baixa,Carga,13.283805468407927,0
4.855188546063655,141.56286875163022,Baixa,Transporte,18.506972329685524,0
11.99115598363564,146.44338448303392,Baixa,Carga,19.639692096815313,0
13.161912939455705,180.96833568058176,Média,Carga,29.893361301283075,0
11.828958168367961,94.96848269591878,Baixa,Carga,9.620959948675623,0
8.930775259800656,36.05084408850982,Baixa,Transporte,23.27175864440401,0
11.212064072006347,68.38509333599444,Média,Transporte,21.024138202468944,0
13.005472441836728,27.83288411643768,Baixa,Vigilância,14.876333446419899,0
5.189024888204444,22.091772764462046,Média,Transporte,20.580259326700173,0
14.602334537660953,119.74273951741992,Baixa,Transporte,9.107171081810232,0
0.39798305810729573,150.12658829721133,Média,Transporte,17.84269638038262,0
6.01144591312989,38.50924629185701,Baixa,Transporte,21.88640113341064,0
3.727337097216986,184.68447491073928,Baixa,Carga,24.092306733758015,0
12.92678431520276,81.41877417769618,Média,Carga,28.73182765614042,0
9.754885295204053,122.71209832040302,Baixa,Vigilância,13.791246808547633,0
11.062518721646226,164.65435120614356,Baixa,Vigilância,9.475790936039594,0
26.654403644373378,402.22045541721945,Alta,Vigilância,2.140889469243879,1
6.052242993185955,186.88025214632577,Baixa,Transporte,5.322436744738136,0
8.3126700377369,92.09460775939723,Baixa,Vigilância,17.951937451008618,0
0.19641684882500454,167.2322001577061,Baixa,Transporte,26.857683353427014,0
0.2956580663154623,97.68071827869949,Baixa,Transporte,18.836794405246245,0
5.002487575367162,67.62227803784316,Baixa,Transporte,19.98399312605414,0
11.415418537530421,197.14803466676628,Média,Transporte,11.029130357694049,0
0.6016378711872372,31.837269441317698,Baixa,Transporte,26.12599122241606,0
5.3824572618525375,186.163785701096,Média,Carga,14.523796125586875,0
8.926168960503823,122.16606118716685,Baixa,Transporte,15.26706582525707,0
14.621897432201747,136.88288981301724,Baixa,Transporte,17.22621001123208,0
4.456825734347626,41.31481498859306,Baixa,Transporte,10.516276490543712,0
5.414608454100402,115.46614036743439,Baixa,Transporte,15.686663204167226,0
2.090341111092362,196.19436257818163,Média,Carga,11.719940375754955,0
11.56368305618733,175.93135401355346,Média,Transporte,12.584638590728328,0
11.37357713556137,157.57500582148444,Baixa,Transporte,9.892816002491227,0
7.5329251549686385,154.45506639320564,Baixa,Transporte,13.354817854327749,0
13.470814341610707,55.82827694391288,Baixa,Transporte,25.104139124597104,0
0.5502480433589685,162.57492058820606,Baixa,Transporte,16.654539778188926,0
9.415620796071268,59.99138828306015,Média,Carga,15.353526705391655,0
5.59032775518471,58.74071186440708,Média,Carga,23.55730578717368,0
9.418505842363617,191.5495022314376,Baixa,Carga,18.60862219085803,0
7.896726488128243,155.0083776583973,Alta,Vigilância,8.800271974211935,1
7.804615513556899,189.4767017000644,Baixa,Carga,23.223480002628932,0
5.049064172908809,53.06471642312772,Baixa,Vigilância,23.878340436129896,0
4.786507098648834,132.04184992199322,Baixa,Transporte,21.14312608377634,0
1.604709582404376,95.73547539438773,Baixa,Carga,12.695478750652978,0
12.261653426076613,135.66041610337874,Baixa,Carga,23.365207517763377,0
11.214140702643768,108.98201568168801,Média,Transporte,25.51218961200687,0
2.678169930815004,180.0723707342419,Baixa,Transporte,23.55678480630717,0
3.36660857754991,21.90410865651736,Baixa,Transporte,16.450715414596715,0
8.331475584039412,136.70420893375984,Baixa,Transporte,20.842789994138226,0
13.916284247928195,57.41377797140616,Baixa,Vigilância,19.884159253921815,0
8.934581109117664,133.6667001189669,Média,Transporte,28.522004238980106,0
12.93191425898176,187.99626778628746,Média,Carga,10.106052659210722,0
12.43373211226016,22.322182951763985,Baixa,Transporte,17.76426021821259,0
14.363502971184062,112.5716742746937,Alta,Vigilância,3.340610294867124,1
12.459291116815937,198.88647863202183,Baixa,Transporte,23.051651605094634,0
5.943630283539881,95.4505700656026,Média,Transporte,24.626598026160778,0
13.500279627721577,47.51939307338809,Baixa,Transporte,21.23447050591556,0
11.697764833400248,43.227473063432285,Baixa,Transporte,9.917204932820576,0
14.766032710553281,120.66030505937682,Baixa,Transporte,11.171425689893322,0
9.88385912865227,93.14459357052446,Baixa,Transporte,13.945281233389826,0
6.36196006953579,93.50722084025293,Baixa,Carga,29.737633334608063,0
5.948141734819052,176.9179566472561,Baixa,Carga,16.102588922665465,0
7.030397396924554,193.37255232284866,Média,Carga,21.909026696818103,0
0.27165275731260763,79.83154023539097,Baixa,Carga,28.649272246139983,0
12.042801728970172,37.027380050567274,Média,Transporte,7.460604727534219,0
2.6305691793517436,173.66029930905285,Baixa,Carga,8.844592637830404,0
8.119445029516058,17.984688282567006,Baixa,Transporte,12.691977236948713,0
7.989856148457543,137.2411071223597,Média,Transporte,7.923537786214268,1
0.45978753308709097,55.506932282812244,Baixa,Transporte,25.295167958772158,0
14.700488629282155,32.839720520415604,Média,Transporte,21.812681566841228,0
6.155952404844923,51.180562017247375,Baixa,Carga,20.04516834863618,0
3.0022536636721515,94.94055332322083,Baixa,Transporte,7.01452030716284,0
29.67217341501293,336.35717727529675,Média,Vigilância,14.521893012727947,1
6.381546579246252,198.3386388034158,Baixa,Carga,6.982007115779794,0
14.995765099291958,107.96324543005754,Baixa,Carga,10.4472844906686,0
7.988841488273788,46.45479169656115,Média,Transporte,7.015385129240044,0
8.060934044068842,141.51065492188505,Baixa,Transporte,12.884093581652937,0
2.0965856493943424,48.17740084522073,Baixa,Transporte,5.551653717057271,0
9.271923606868437,174.94702833172602,Média,Carga,27.95993855203895,0
5.97253040386415,29.198704092022872,Média,Transporte,23.216407105915067,0
5.013658362254413,140.88820738951722,Baixa,Carga,28.363597017887887,0
14.17148594823642,15.694982075808811,Baixa,Transporte,5.406086080236342,0
1.006147160826412,111.70892497599242,Baixa,Carga,15.500275107391571,0
5.258813382098955,199.88860789642663,Baixa,Carga,20.178382022089423,0
19.810364221551062,102.78085221247628,Alta,Carga,6.561895163177023,1
3.897053715962397,176.78771484888776,Média,Carga,25.47173176301179,0
5.1850092498579485,23.907225516004292,Baixa,Transporte,23.25622973823928,0
6.93008705466199,125.18805817268571,Baixa,Transporte,7.450192119518526,0
1.759622834435917,145.28266386284835,Baixa,Vigilância,24.3808634724764,0
5.2238320053495055,158.65324197107196,Média,Carga,7.416120857193807,0
2.6084287382923095,154.2856698594131,Baixa,Vigilância,15.55480584701695,0
14.310765408880835,194.2832887603814,Média,Transporte,13.56827313569768,0
9.331300503418102,86.78666111369627,Baixa,Transporte,18.296794162625414,0
6.452090304204987,264.1531692142519,Média,Carga,7.059621823544121,1
13.17944979532737,147.33471760961191,Baixa,Carga,6.345763122711476,0
0.40643988755225235,58.38741818874972,Baixa,Carga,19.844515798586308,0
25.386535711370854,190.59831007917518,Alta,Carga,13.584860478074924,1
1.201722695770127,153.25276168338894,Baixa,Transporte,27.11196818991898,0
11.92214323124894,179.8580449014954,Baixa,Vigilância,17.794511414237014,0
4.0386484642407146,44.47328606216912,Baixa,Transporte,22.552686352844816,0
5.372440770492608,43.65845999500332,Baixa,Transporte,21.24470116910749,0
5.188245854294351,48.71562723426093,Baixa,Carga,6.5056736225074365,0
1.6075801700966408,88.57432928981679,Média,Carga,5.523352945668332,0
2.76781529034566,21.450804155016563,Baixa,Transporte,12.694272632328728,0
3.288209810370665,55.95982736917941,Baixa,Carga,27.022379013618814,0
3.11829382719041,191.7352656769012,Baixa,Transporte,19.982482175159717,0
14.94955255610858,102.88085024881484,Baixa,Transporte,21.545864627849955,0
3.5407569501969594,126.04821350439597,Baixa,Carga,29.385259192118628,0
9.510085546494171,177.12055244079053,Baixa,Transporte,13.433265221144136,0
3.602184281672896,79.6276916255656,Baixa,Transporte,20.809906411637712,0
17.379422752781757,200.71291833014567,Alta,Carga,14.82631452051528,1
3.30729313605263,191.756778005857,Baixa,Transporte,17.63801979308726,0
14.24699869937886,121.2173292353829,Baixa,Transporte,27.259608021381652,0
3.696030498586602,148.02772587147092,Média,Transporte,21.79272148110152,0
7.2123125512979875,368.8542189623514,Alta,Vigilância,2.147597381976448,1
11.046663534370843,30.076290009731345,Baixa,Carga,22.10785622313362,0
2.6705395030462715,156.16792979185456,Média,Transporte,10.616434941044165,0
13.213061387983927,88.23545290105662,Média,Transporte,24.45115766207998,0
3.7307140888144485,16.97705887515602,Média,Transporte,13.196070947145456,0
16.4017496054259,191.17406501677667,Média,Transporte,2.748263880216376,1
2.728921957429067,100.44344458006564,Baixa,Carga,8.968419084357738,0
8.647747132713803,52.676966250331866,Baixa,Transporte,7.194705926453999,0
12.523953551989488,124.3575020309012,Baixa,Transporte,9.966114422435144,0
13.732324463820628,84.38988265378758,Baixa,Transporte,12.561657936536742,0
3.4600471757663804,152.7612663455187,Baixa,Transporte,16.016622085607338,0
2.731768735330489,67.24039954440008,Baixa,Transporte,16.625908355522746,0
6.587023628553276,198.5718654100913,Média,Vigilância,14.580384148681292,0
24.378320584027865,195.82475626678897,Média,Transporte,9.259255246565466,1
5.12726027546814,45.18715789481891,Baixa,Transporte,5.598656631762087,0
4.416986393128765,66.13450772070985,Baixa,Transporte,18.03442553684353,0
3.7065485101521967,143.70033571755118,Baixa,Transporte,28.80156116597507,0
5.128082490580291,22.38887233949349,Baixa,Carga,9.678106760262544,0
1.5267370893060561,166.29672051759889,Baixa,Vigilância,21.492256823261858,0
10.207489531120697,126.90662476326239,Baixa,Transporte,25.49062173869112,0
12.237496874859266,16.3865840348237,Baixa,Carga,15.47424434448811,0
6.263711636773925,97.0555084801996,Baixa,Transporte,28.551455487214888,0
3.1965705603762498,116.35357989129268,Média,Carga,21.138358910263058,0
11.454086912396413,128.68607808231013,Média,Carga,9.907357557776676,0
14.953113777689211,59.364509661556504,Baixa,Transporte,24.978949277619552,0
15.798625466052894,457.0235993959911,Alta,Vigilância,10.7427399290015,1
8.701293117567168,88.10816449413424,Baixa,Transporte,13.02136356874609,0
1.5616287297686076,131.06828059357326,Baixa,Carga,19.257173468284762,0
8.496069604453458,35.02846695636676,Baixa,Transporte,8.45313232850618,0
2.6458047975933496,90.95584293917058,Baixa,Transporte,28.06085709140311,0
13.151484551426242,186.8130907823441,Baixa,Carga,16.045842620048866,0
6.588958757150591,450.9357413523924,Média,Transporte,10.158255041092826,1
11.783725794347397,352.92233223743176,Alta,Carga,10.439733927508826,1
0.9803451119841355,104.66857963005619,Média,Carga,23.795628648917027,0
1.2035061849246331,150.0060115393946,Média,Transporte,8.785807859249083,0
8.351443395208946,35.923552985779295,Média,Carga,19.88074331798504,0
2.2751231959912674,124.11292333851729,Média,Transporte,6.489677433828593,0
2.0890810899508088,26.652121885129322,Baixa,Vigilância,18.527845621971117,0
0.5482450177214232,192.31956242099633,Média,Transporte,22.301263825993622,0
14.542056499130533,125.34786685686835,Baixa,Transporte,8.17060056376047,0
25.811066020010543,471.87906093702924,Alta,Vigilância,14.35789291018823,1
7.389271409893044,113.45292861256141,Média,Carga,22.05479223137747,0
5.131226230738612,32.10961559824045,Média,Carga,9.084168959960504,0
10.536974558161559,50.402431510508265,Média,Carga,16.726018687953847,0
13.878724761234988,147.19347825852003,Média,Transporte,12.923565544182035,0
7.26784477786532,29.26995740535114,Baixa,Transporte,25.248110507572484,0
10.988581458153755,106.11201166084751,Média,Carga,10.976659601875742,0
14.570926410624594,29.802712533586057,Baixa,Transporte,16.877508517293013,0
11.98174853660498,149.77599170544607,Média,Carga,26.227450498966903,0
0.16493742987720716,55.73161524817594,Média,Transporte,25.296653100259494,0
1.5989737970065772,130.89535725605714,Média,Carga,24.547272824922242,0
1.8085032866591821,124.66265665332641,Baixa,Transporte,26.535451152387935,0
2.2061022139355693,163.49072896883914,Baixa,Carga,19.567861233617037,0
11.063734523833372,121.67617856381766,Baixa,Transporte,22.734720545609655,0
0.26810902100120715,108.43496558537494,Baixa,Carga,7.814761663229861,0
7.432369743092977,97.69592013976008,Baixa,Transporte,29.14097438167001,0
0.5942823802253572,172.5900791920994,Baixa,Carga,10.937082629234599,0
9.171813531519717,37.81105851082733,Baixa,Carga,6.1396289487167195,0
0.21816998501822893,134.99060787457685,Baixa,Transporte,14.499476974134865,0
11.837568579110075,18.24838124241564,Baixa,Transporte,19.613577831486452,0
1.1542980244381373,138.52890807300884,Baixa,Transporte,8.432500817889256,0
7.765674650770672,188.27791550521172,Baixa,Vigilância,27.092099192199743,0
4.308584874811226,14.977374621092311,Baixa,Transporte,22.42560415010749,0
2.248761410231607,67.88903642862775,Baixa,Carga,17.08235712415813,0
1.8699402180490026,158.34470135300356,Baixa,Vigilância,21.760858344922937,0
22.67143359619043,358.06911616377994,Alta,Vigilância,8.8601144181219,1
12.990958342506126,20.84650265696982,Média,Carga,7.246921293404016,0
14.253560307312036,77.52306805029049,Média,Vigilância,15.133134016173834,0
3.159932835084999,124.365451892875,Baixa,Transporte,10.101609713665015,0
2.300271046741203,43.21933917947838,Média,Transporte,9.631921258338501,0
10.270967588308189,136.12286024814296,Média,Carga,12.398300735915402,0
0.6782800515928411,110.92221032019609,Média,Transporte,20.022800141477152,0
5.985040558051954,142.05669348312512,Baixa,Transporte,5.600126121122221,0
0.337039624801761,110.75740531734007,Baixa,Transporte,15.741834083878699,0
7.081004176649989,102.69226834600886,Média,Transporte,8.499684418044072,0
1.698570687611329,133.53820755564914,Baixa,Transporte,18.868295082058857,0
24.019626215422434,460.1672228653322,Alta,Vigilância,5.605955378754725,1
8.330453264064468,151.20670775900464,Média,Carga,15.594252998273085,0
16.805373129048732,196.74091636018068,Alta,Transporte,13.573429190581912,1
5.886676611339531,85.87002400376855,Média,Transporte,19.986528491467915,0
14.54731567617817,101.58780104129568,Média,Carga,23.281264733684377,0
2.393170201697825,112.73271056253296,Baixa,Transporte,23.448194224970006,0
14.94500874085113,171.93013613432447,Baixa,Vigilância,16.12131082068852,0
9.881750500660761,48.47130643139511,Média,Carga,27.424882234110278,0
8.853460003036307,48.76677057949078,Baixa,Transporte,12.804743414228234,0
14.815020119949706,176.5636447473581,Baixa,Carga,6.560783181944508,0
24.274179498864026,235.61191641948028,Média,Vigilância,8.028079264219768,1
29.24774630404986,164.48851490160177,Alta,Vigilância,14.350805571660464,1
13.981774237254186,14.904262320402527,Baixa,Carga,12.415312053927329,0
7.885352734540287,152.1339040916111,Média,Transporte,12.66038623377591,0
27.73301005196955,220.35132392670786,Média,Carga,6.818347911869582,1
5.85971302788046,298.89940235695417,Alta,Vigilância,6.865520344829564,1
2.4548391429855676,95.57047788905518,Média,Transporte,25.359669481719035,0
6.562123830355936,87.31251253734541,Baixa,Transporte,7.374131880709412,0
13.445037277816796,23.696023839747937,Baixa,Transporte,8.329553141688084,0
3.630675237937912,63.062456806337984,Média,Transporte,20.023637113442973,0
2.052279463784421,45.72469957692906,Baixa,Carga,10.805617272533578,0
2.3790765793961057,97.83615659011537,Média,Transporte,5.2477673872788415,0
10.472425710296177,41.737962501180476,Média,Transporte,20.784383151206274,0
5.1951899154894186,106.79020434846005,Baixa,Vigilância,10.923099847418086,0
7.381744396193072,161.58459328314055,Baixa,Transporte,13.173525608416881,0
2.2299409162966946,89.06925965415469,Baixa,Carga,15.241821732312978,0
8.869131536173938,20.97830658930966,Baixa,Transporte,15.38607501480224,0
10.424728291898138,140.4021673703585,Média,Vigilância,14.55308736149933,0
8.394730252303711,16.305977366860983,Baixa,Transporte,25.023468038535757,0
11.79517521623328,45.35926939079269,Baixa,Transporte,11.763981412199785,0
13.898814377422417,154.834175607557,Média,Transporte,25.311845526104293,0
13.081858634162272,22.952738783243777,Média,Transporte,26.054134416259526,0
13.422249840907915,162.93228759987335,Baixa,Transporte,18.849831387578273,0
9.313732766512157,109.43262992700085,Baixa,Transporte,12.441256939207012,0
13.685450184250364,157.0371345887297,Baixa,Transporte,18.642399220325647,0
14.170980334371155,35.36119475902932,Baixa,Carga,24.387632417974984,0
5.185439902558792,166.27130709052858,Baixa,Vigilância,19.150460622195524,0
13.510527960168877,108.31480683345784,Média,Carga,13.924560736716597,0
12.555199925455081,102.09229455470893,Baixa,Transporte,16.104585171959165,0
5.446234445979527,88.0954092632739,Baixa,Transporte,16.293486899536095,0
1.766266243352117,186.33589166194946,Média,Transporte,7.039373140284148,0
13.158008112196624,54.58199555253617,Média,Transporte,6.3641352070674735,0
9.585112746335845,448.58423607508706,Média,Carga,7.829791785718157,1
8.617096697698678,43.30755904795533,Média,Carga,25.241875906647234,0
13.07765291617848,133.6849587586813,Baixa,Transporte,16.518340006041846,0
5.55708154187073,76.80831057553054,Média,Carga,27.448382336093424,0
3.8736658244843754,92.76082981445727,Média,Carga,12.643598936182277,0
3.8720014905169133,18.67326164545291,Baixa,Carga,25.97749246999029,0
12.303616213380455,227.20138998874555,Média,Carga,3.1856793396329746,1
9.301091338927703,115.2224257353515,Baixa,Transporte,10.512190985368731,0
3.5816571865245352,45.05048809539148,Baixa,Transporte,7.635034434911557,0
11.963386509557822,127.97642782090192,Baixa,Transporte,25.206705280406958,0
6.940196785044097,112.59185475330632,Baixa,Transporte,16.064433648320385,0
6.786592741990401,128.5402088954113,Média,Carga,18.67322189963692,0
9.975550118193832,165.0299184040373,Baixa,Transporte,5.5034462237322455,0
0.4670112432676704,110.2059282033085,Baixa,Transporte,8.894331514504254,0
1.3305380063558343,74.83708724896971,Baixa,Transporte,29.086998686858188,0
0.5551145207323893,120.19691961134494,Baixa,Transporte,7.998823543274245,0
19.031929939237408,353.24058290930714,Média,Carga,4.445575076408897,1
2.494250531341191,169.9797250491117,Média,Carga,28.293510082912704,0
6.86376609199427,116.31005662190557,Média,Vigilância,4.906745900752885,1
13.865942930647956,127.72197411736973,Baixa,Vigilância,8.667377850379538,0
13.940639836913787,197.6792488408286,Baixa,Transporte,18.80915344543086,0
11.415359864144984,99.52190079723478,Média,Transporte,9.477373483204538,0
7.475516591092196,34.8349715806379,Média,Transporte,6.81837369446671,0
8.414069573030794,118.41585186137765,Média,Transporte,13.914904399655141,0
23.225179201024684,169.74657160199658,Alta,Vigilância,14.908542349550904,1
10.851301705328774,47.638550224350624,Baixa,Transporte,8.009089405249652,0
1.2802450211796579,13.64653259638077,Média,Transporte,9.522297534472457,0
1.9206875843665867,83.82603924136569,Média,Vigilância,22.335553201407723,0
13.451481369396378,41.92269947152405,Média,Transporte,28.86414822147027,0
7.989258996825347,44.41837641158926,Baixa,Vigilância,6.4220349444411635,0
3.572741715700898,126.64738110441174,Baixa,Carga,13.870796388579066,0
12.158299961727494,33.200883661905095,Baixa,Transporte,15.164763433986806,0
10.90753604649462,199.1331280763489,Baixa,Carga,14.081383791895256,0
9.36223361773701,60.358821381750765,Baixa,Transporte,7.285549795428454,0
9.577889214961283,136.90479977268916,Baixa,Transporte,8.996994084161035,0
10.420447062816402,86.28392001364477,Média,Transporte,10.170447328334907,0
6.222292535064978,10.938596377537827,Média,Transporte,21.99082955987859,0
5.646950503170744,17.475272727016833,Baixa,Transporte,27.931701664442016,0
6.131012566471446,191.51359043574638,Baixa,Vigilância,13.885983434101544,0
7.6903276652476285,35.71727563276025,Baixa,Carga,18.013595932621463,0
9.89957156047863,404.64784613148703,Alta,Carga,8.092588345923641,1
6.828302236227018,169.8750350861044,Baixa,Transporte,13.36972604726698,0
8.213885642306044,13.421245564086355,Média,Carga,18.363980478907717,0
12.318859570080193,165.3154446133264,Média,Transporte,9.611476276497084,0
2.7985053607695862,128.5332716885489,Baixa,Transporte,25.343083593055685,0
12.792776902235275,343.82573359195874,Média,Carga,14.818013829697321,1
9.363569938709881,144.66149257116552,Baixa,Transporte,20.786469814575515,0
7.1094246039430855,136.96043172545308,Baixa,Transporte,9.665998494942064,0
10.601658253281688,74.38352337436281,Baixa,Transporte,19.932809458267798,0
9.775002380638275,146.67718825014012,Baixa,Transporte,18.676133640389445,0
12.76810371073153,31.67819912870734,Média,Vigilância,17.809820518302665,0
3.558401876039917,62.21314675414586,Baixa,Transporte,14.681860285621033,0
14.416054762041828,12.095940241442971,Baixa,Transporte,14.983314504980564,0
6.416597006037935,188.7290565719147,Baixa,Vigilância,27.159509049003542,0
0.9506245570915162,23.19053012175774,Baixa,Carga,25.71096677347477,0
4.520668112462131,169.98632593152004,Média,Transporte,6.209067776219522,0
10.737374470231329,122.42246083820184,Média,Transporte,29.18177975925744,0
11.58477587603459,139.8171253750327,Baixa,Carga,24.4955221002517,0
12.574930570667068,197.4597233621809,Média,Transporte,24.8047798700419,0
10.318285834512201,30.04000299175981,Baixa,Vigilância,26.897623124997363,0
29.239615694113965,463.3063543866615,Média,Carga,12.102909907056679,1
5.023584219856292,78.42591741958863,Média,Transporte,28.94864649815344,0
11.845477607137187,123.68792201657418,Baixa,Transporte,10.674463486788024,0
3.4296420825519407,137.79440246277397,Baixa,Transporte,7.360472441512024,0
5.599639744196294,97.29488599713746,Baixa,Transporte,27.676049010375547,0
13.837490717659435,114.41061182005322,Baixa,Carga,8.173610343874316,0
7.113213249861957,27.66822156639511,Média,Vigilância,22.063511969178926,0
14.075106852315567,98.38906633390644,Baixa,Carga,19.51613064774085,0
12.280728504951048,315.7368967662603,Alta,Vigilância,11.780868882689841,1
14.956867502365668,196.86907981589218,Baixa,Transporte,26.491133633815164,0
1.0102590220315755,157.3662516758122,Baixa,Carga,7.670017600059091,0
4.1043999942249885,62.611852601783696,Baixa,Transporte,11.174029174797314,0
13.883527693601645,51.047254676823925,Baixa,Transporte,8.56391387582789,0
13.714482098407485,74.27082613895469,Baixa,Transporte,20.385519495520885,0
10.461304008702598,142.1674478343933,Média,Transporte,26.430773434244777,0
22.105825662803923,245.4518409517176,Alta,Carga,11.18114895303445,1
14.242809354864631,136.8427432570811,Baixa,Carga,29.889222512267196,0
13.357909211098423,101.8736728767857,Baixa,Carga,28.368247887207524,0
14.759664719397424,177.56627407788235,Baixa,Carga,12.757712052613687,0
1.6571116969709199,78.8247339139348,Média,Transporte,25.971346547601723,0
9.279170673227764,171.49532058132576,Média,Carga,26.536142150533106,0
0.9631340561270113,95.5666859920284,Baixa,Transporte,27.941181947610836,0
13.149804039875175,15.773541342399003,Média,Transporte,11.362033290456505,0
4.199686404904263,86.82056593981551,Média,Transporte,19.424540310442048,0
13.094187538146125,154.58824440533783,Média,Transporte,27.73131736092481,0
7.140756032986495,147.93618289720615,Baixa,Transporte,26.477793941172912,0
8.485979459936866,31.80608565515132,Média,Transporte,29.85825756714287,0
18.11891079080595,174.62802355441434,Alta,Vigilância,6.272639089808908,1
4.101106078960593,190.8442392304154,Baixa,Transporte,28.648116100802163,0
0.9974440105016624,116.83639501680287,Baixa,Carga,21.806267182354865,0
1.9137045419334564,50.28851958256306,Baixa,Transporte,21.4525554514123,0
6.028963704138633,90.03713012587367,Baixa,Transporte,18.72274079100179,0
10.996695336229214,125.34701995656326,Baixa,Carga,17.065030891538015,0
2.082407589741152,55.13338486612222,Baixa,Transporte,23.836802766489917,0
0.3955046174587801,187.95508153604268,Baixa,Transporte,13.523964285888958,0
2.708630176910003,178.37719828836416,Baixa,Transporte,25.2206580872921,0
10.384148467767787,192.03396122268225,Média,Carga,26.15310526325579,0
6.88703634357392,165.3885010732541,Média,Transporte,15.067593024864005,0
0.7773530523364036,71.44059680194894,Média,Transporte,28.489214725629143,0
0.4387092455183872,113.63205518731203,Média,Carga,29.721013532591577,0
3.3572642223393463,182.2231161354381,Média,Transporte,11.416180179652395,0
12.142741120873172,19.928997064344514,Baixa,Transporte,15.467378583192104,0
7.011022668748046,25.314287613853686,Média,Transporte,14.82804495517698,0
8.89426277152391,23.477121065416952,Baixa,Transporte,5.9816262912165055,0
14.226799604432351,156.1523980892454,Média,Carga,27.414366461725255,0
9.851049968119383,36.60457853513036,Baixa,Transporte,18.766511480914104,0
21.56305710884955,114.75477894181311,Alta,Carga,14.314231505990163,1
12.222376706197684,183.0463307123439,Baixa,Transporte,18.66693162243279,0
0.4317401447000846,138.53754329767685,Baixa,Transporte,26.278768385649542,0
7.222835272688251,43.01470269579132,Baixa,Carga,14.540412477728374,0
11.754795191117147,150.30534975775203,Média,Transporte,29.683403964488647,0
12.606056073988443,421.4688307596458,Média,Carga,5.811740032074839,1
4.020954612343144,155.23080582212984,Baixa,Transporte,16.791237268764885,0
18.66775698358199,120.59150049999573,Alta,Vigilância,6.891374611901905,1
2.7146542906423465,83.05715225251438,Baixa,Carga,27.44888040462548,0
3.865243327668205,160.96987295303614,Baixa,Carga,13.546226047931455,0
6.54189793702975,193.8934066205558,Baixa,Transporte,15.184138105320809,0
6.579231287843857,137.1480499582349,Média,Carga,15.046906780918489,0
3.466121948821071,17.30100630284175,Baixa,Transporte,9.036445851606002,0
10.029648298866466,104.38570318324219,Baixa,Transporte,6.464132632113346,0
3.984000638830591,14.146445387343006,Baixa,Carga,15.881556991413847,0
14.799938899007197,132.14756291115447,Baixa,Transporte,22.40199653917598,0
5.533704593546586,58.78754786689651,Média,Carga,23.25554294393123,0
9.991844553958995,427.20590636899726,Alta,Carga,7.739896517853901,1
7.300034121370543,177.0059910536308,Baixa,Carga,16.25875964451982,0
5.435908486749497,46.978277245945364,Média,Transporte,24.560645305319696,0
8.6801311285859,182.82909569295256,Baixa,Carga,6.281586479399954,0
0.5029865210366907,198.5100228164294,Baixa,Transporte,10.669315632991143,0
3.7865541651603114,112.44064256829836,Média,Carga,9.748403411439023,0
7.441802850159597,381.2075835580711,Média,Carga,12.684180770774631,1
1.973515276908897,129.94843508747786,Baixa,Transporte,10.400786009826806,0
11.959430486693304,160.10578289834166,Baixa,Carga,17.792686177867523,0
14.19173193200449,84.95049292830672,Baixa,Carga,26.99003741779405,0
13.635487809984616,143.5004168862481,Baixa,Vigilância,22.878125495422196,0
11.948059364642646,73.68952900046582,Baixa,Transporte,29.53143943478192,0
14.923617339696529,61.67044796443989,Baixa,Transporte,15.378641349818643,0
11.648952791876127,112.75081344725344,Média,Carga,28.840815195742238,0
13.451826148590177,124.6552327424618,Média,Vigilância,20.47931838414592,0
10.28347930843457,29.121120919471334,Baixa,Transporte,20.691721928970217,0
0.17430809862150953,99.54456180565127,Baixa,Transporte,12.842578118928905,0
8.745623414545383,66.34176044465448,Baixa,Transporte,5.161608944742763,0
3.5631498738581646,107.34911773370023,Baixa,Carga,15.67762613400858,0
13.411488055187016,40.824347098671076,Baixa,Vigilância,24.911014038086932,0
8.952642733753338,117.35417864321306,Baixa,Transporte,21.14006442646029,0
2.6952466330536295,55.11235899121319,Média,Carga,28.928370813494904,0
2.0455721338015467,30.252675758518237,Baixa,Transporte,18.721820038564992,0
5.091752888142091,65.52146378776058,Baixa,Carga,23.539152711670738,0
8.278602581617283,175.09194705095646,Baixa,Carga,22.803426147015124,0
0.36880374688202266,111.27548477676659,Média,Transporte,6.763390939823914,0
7.796609228340265,108.14879940473602,Baixa,Vigilância,21.211613922505926,0
11.290749593364618,137.11424409253058,Baixa,Transporte,26.650891876143913,0
6.273645544359283,31.264727685568296,Média,Carga,17.50696338019401,0
6.938020741997218,64.12585137276534,Baixa,Carga,14.120561755194966,0
14.867529392054648,93.00163349688411,Média,Transporte,18.60643342538127,0
12.206925295604231,149.9163828624717,Baixa,Carga,9.366179647408238,0
0.06948034506904288,33.063138490261494,Média,Transporte,28.918010847233745,0
5.027958624688514,55.444219801025866,Baixa,Transporte,9.427056384932246,0
10.625444650725521,97.07712189044473,Média,Transporte,13.531111243943016,0
10.32603594641604,11.773007767147726,Média,Vigilância,14.838883402657888,0
14.44488005788492,15.161810032856366,Baixa,Transporte,6.7046654941365675,0
0.6313978445454282,61.88345389483436,Média,Transporte,23.13429000587144,0
2.2562533665529227,187.43625333030192,Baixa,Carga,22.8679708375509,0
27.37068376069122,295.78110411102523,Média,Vigilância,13.782607006231569,1
12.782722504778102,127.39097563823063,Média,Transporte,5.00076797113456,0
9.100725695742838,106.16695393964638,Baixa,Transporte,13.953492913228612,0
6.38240001672113,109.074680918282,Baixa,Transporte,28.52480806436093,0
5.464047915721132,111.3844838781069,Baixa,Transporte,18.534360522685958,0
7.198134304558633,130.87369929456423,Baixa,Transporte,9.729894809758871,0
12.671748421753314,69.7265215049122,Baixa,Transporte,6.077502723708101,0
5.026782813887128,163.2166872742395,Baixa,Transporte,23.864234030143415,0
20.02787529358022,191.51926619664897,Média,Carga,13.769965693450427,1
6.688540595651225,182.16721840549562,Baixa,Transporte,28.886204785951687,0
12.615344229334267,307.51624869734644,Média,Transporte,2.945919082734516,1
3.1485838964337862,12.302947182339722,Baixa,Transporte,25.81529433315328,0
7.93405701040818,51.916271015130135,Baixa,Vigilância,22.936624765297804,0
11.18159211276495,177.99922803619748,Baixa,Transporte,17.64829135798896,0
2.0162201540846136,77.44929810806809,Média,Transporte,19.665597957091567,0
11.961390324103922,22.856988761000302,Baixa,Vigilância,9.746883227398,0
14.05244608987137,50.56715959902766,Baixa,Transporte,21.87233007635387,0
14.565873677480516,77.5436719838579,Baixa,Transporte,22.258071172518225,0
1.215693238614719,98.14717247078387,Baixa,Carga,23.10072971932303,0
1.9907363106459053,182.36705583410767,Média,Transporte,6.3935213396860435,0
9.086622290353308,158.29984789633374,Baixa,Carga,15.3706413880338,0
3.3181416272940334,68.06480094314082,Baixa,Transporte,13.481016529345908,0
8.718573321339184,25.089680107907455,Média,Carga,8.786138048383933,0
13.048445430931924,21.0511211460404,Baixa,Carga,15.269720249990295,0
7.802452516679901,104.4632051616012,Baixa,Transporte,7.955465557277215,0
4.514453504202244,166.19960051404283,Média,Carga,17.3239242913965,0
8.092369385630057,21.12467655635605,Baixa,Vigilância,28.643742555648252,0
1.1786774573253112,136.34713166043912,Baixa,Carga,22.25117221023624,0
9.0077529065048,64.32228995544043,Baixa,Carga,28.31882347650783,0
1.3179974871725002,175.5288516299799,Baixa,Transporte,13.573241568979897,0
1.4916208913901774,22.663887706531092,Baixa,Transporte,24.505316213390838,0
10.073597933891994,169.24190503314094,Baixa,Transporte,15.050680422206018,0
1.7033638829944353,141.59893092297125,Baixa,Transporte,7.585852871512085,0
13.331221198034658,193.0449425005746,Baixa,Transporte,13.625420998114153,0
10.788026674083957,19.147138835887155,Média,Transporte,13.553315002797374,0
8.886116769892764,57.68366565465662,Baixa,Carga,20.53326560389268,0
9.412581948275552,159.27380743524407,Baixa,Carga,23.009599964661145,0
13.597081664468204,158.58533665737332,Baixa,Transporte,25.648307713750405,0
6.611441204073422,102.76581603413786,Baixa,Transporte,8.380432842821367,0
12.627431651374081,141.1009292559265,Baixa,Carga,28.763320523860223,0
1.137949921629959,85.27281140575852,Baixa,Transporte,8.208146554719113,0
12.63178384703563,38.185208182796885,Baixa,Transporte,27.50660278005176,0
1.8777868830382567,166.93586041453554,Baixa,Transporte,13.564777070278296,0
3.745020132887789,72.11700710423503,Baixa,Transporte,28.907297037834034,0
10.075510266087852,94.31254166786852,Baixa,Carga,25.78795832780559,0
4.152416958525774,70.21985168031267,Média,Carga,9.660495121349364,0
2.5847980680244476,98.06386832210875,Baixa,Transporte,12.113534641923344,0
7.341374454647108,38.28872956316449,Média,Vigilância,14.416911010736563,0
12.982606888409704,113.87250841567331,Média,Carga,14.793561264056954,0
3.6361459862262038,29.780833382991602,Baixa,Transporte,27.70046363554156,0
10.60857951470098,193.50621061911178,Baixa,Transporte,8.082094482473671,0
14.548715967219048,17.8988432195745,Baixa,Transporte,22.44581963762925,0
4.931274154312623,11.094145494643099,Baixa,Carga,12.88098586623627,0
2.6551572641512022,14.871992503222781,Baixa,Transporte,8.138744747461928,0
8.708825254170652,79.87427666668502,Média,Carga,29.812865504049284,0
8.90388680331073,163.13858445728005,Baixa,Transporte,11.271977497267507,0
7.782570856891081,199.02460026225575,Baixa,Vigilância,17.241101900800814,0
3.426821119969481,181.55004908647757,Média,Transporte,29.038768303439156,0
12.269505361785933,159.3928578829663,Média,Transporte,29.80339098696457,0
10.711303981986417,63.207092614592995,Média,Transporte,29.145807992958314,0
5.527895155856417,179.14903007338242,Baixa,Transporte,7.186162544997137,0
5.259403968137711,155.55230754170748,Baixa,Transporte,22.0967531227258,0
12.970835643825799,174.9044759588042,Baixa,Transporte,5.0278023549046855,0
10.871501572931422,166.7593879342118,Baixa,Carga,21.557843468268,0
8.644325402502197,69.24506528619932,Média,Vigilância,11.146186062335008,0
1.5376459198601888,112.35334161101571,Baixa,Carga,15.434869558228698,0
9.253903775636132,153.78278608084065,Baixa,Transporte,5.174556547008703,0
1.1419628923545027,76.40621069649556,Baixa,Transporte,7.978516799901204,0
12.259466549437406,192.93396784406494,Baixa,Transporte,9.886450009209998,0
11.223895355754875,186.13656351129828,Baixa,Carga,11.307798176742178,0
11.860847472584453,73.50528055225155,Média,Carga,12.822988700720565,0
9.653665427947875,67.90270812336533,Média,Transporte,27.912228777887854,0
10.462071925039254,41.49716263102239,Média,Carga,21.88966933918597,0
10.249430649097578,172.86405882976305,Média,Transporte,6.94641299021924,0
0.905281259858457,31.390274178268033,Baixa,Transporte,13.470587060570184,0
14.16399733670151,160.897492942646,Baixa,Transporte,28.62560161451422,0
7.207604208867434,53.16411583446783,Baixa,Transporte,12.497439824863406,0
12.38725125847144,21.831890117558267,Baixa,Carga,17.08080189688588,0
8.750876921491807,185.32386619754493,Baixa,Transporte,28.994775510121254,0
12.815776400543687,102.65674303804023,Baixa,Transporte,18.126233506134618,0
5.695386122509004,28.69517344554549,Baixa,Vigilância,28.536855937651634,0
2.410220598893335,28.151709628586953,Baixa,Transporte,6.536157253269687,0
4.09889290497314,177.65910999739435,Média,Carga,9.980492145926913,0
9.953060580250659,149.3867323066664,Baixa,Carga,25.76556901079478,0
4.3972159539151985,146.10144373190963,Baixa,Transporte,17.20444188277035,0
13.990927250310198,61.25242618822803,Baixa,Transporte,6.734852147604585,0
9.744699734885527,40.19255185717718,Baixa,Transporte,13.929808349826121,0
7.6751616317349916,146.06862810240676,Média,Transporte,13.965539548839786,0
4.3749386806395485,71.76976293202281,Baixa,Transporte,25.359598016727038,0
12.73793477347979,79.90874274739605,Baixa,Transporte,9.570334713480648,0
3.504116265748649,168.02243829839696,Média,Vigilância,26.981988903925167,0
5.959309358405509,163.125826022348,Baixa,Carga,14.944836023227454,0
5.86622304977641,78.75208770897635,Baixa,Transporte,11.058842378419058,0
11.56382766966078,144.9461317384292,Baixa,Transporte,13.808176356313483,0
7.981702278979735,61.79856013937142,Baixa,Transporte,27.783479751965768,0
14.058427308546767,104.58437652651514,Média,Vigilância,14.421672008679712,0
5.764899707395225,59.266384184497014,Baixa,Carga,6.179917542434475,0
14.475403659997689,135.74944607138195,Baixa,Carga,6.007137969449961,0
13.051483108513949,72.3566231857692,Baixa,Transporte,26.826078675380085,0
14.77261798443502,38.88472209444314,Média,Transporte,6.91895154721845,0
9.54645374315455,113.8631618356798,Baixa,Transporte,7.243987514003928,0
2.308438595097826,102.63852679794302,Baixa,Transporte,21.218677847375453,0
13.408388745764364,85.42648824411386,Baixa,Carga,19.290191237073596,0
9.688758619974019,169.57364754467687,Baixa,Carga,13.868213918255316,0
4.00542405254132,173.42654173639264,Média,Transporte,10.818208722888796,0
12.668240978026056,101.38484907836352,Baixa,Transporte,17.514482935770783,0
3.450132559315546,116.52541793907248,Baixa,Transporte,25.059900763840812,0
2.563313810850987,122.95050368537288,Média,Transporte,10.22077338736475,0
3.4387709284896224,25.374663779737915,Média,Vigilância,14.569602510076013,0
2.723965752021385,35.1796878209512,Baixa,Transporte,26.950837821111424,0
9.27382157295444,102.31563424540187,Baixa,Carga,19.578255477489588,0
10.878864906227047,167.56449187018356,Baixa,Transporte,21.843905744602246,0
10.40523338672233,134.31558494174277,Baixa,Vigilância,24.236064485538922,0
9.659993148585237,179.49609089864452,Média,Carga,10.207884750212948,0
8.153292916709828,166.9528497479804,Baixa,Carga,18.86717561970918,0
13.390075666154623,157.18417092442456,Média,Transporte,12.140649714056078,0
4.729355067459155,24.641073035522922,Baixa,Transporte,25.298655865947087,0
1.9631049107752474,72.95593134957964,Baixa,Carga,20.006285252489576,0
9.880616632513142,66.47518346463727,Média,Carga,23.597629682553798,0
13.064536856191284,184.43454491783862,Baixa,Transporte,9.042363831849672,0
0.5091896787869826,88.39814976123851,Baixa,Transporte,26.467453031114346,0
6.45458842349194,55.576081423629496,Média,Carga,9.80040211850092,0
4.854153287243118,142.22083245207247,Baixa,Transporte,9.753219157967642,0
9.237947822734569,108.28112072390579,Baixa,Transporte,23.549443237849648,0
1.9686731652358136,97.26038746291064,Baixa,Carga,28.694492449230744,0
7.783765579242563,153.45796646179286,Baixa,Transporte,21.575680093078685,0
6.325813903101832,91.78120796098814,Baixa,Transporte,20.86860352760074,0
0.7713872022637552,106.5885039140932,Baixa,Transporte,10.242256935755021,0
13.073052092285645,160.64233961642947,Média,Carga,13.010032153505373,0
13.129583050668677,363.99361841367164,Média,Transporte,13.715054136382857,1
3.17172010494817,117.78932172949168,Média,Carga,23.906344785560858,0
11.6937671035013,20.840397018738322,Baixa,Transporte,8.459289868013915,0
9.30464327030197,135.18823934420487,Baixa,Carga,19.14362376533223,0
6.378202567038501,132.3418081728148,Baixa,Transporte,25.25402724899256,0
25.209933702911528,229.2811728083021,Alta,Vigilância,11.11259870896856,1
4.11082831030809,80.71173452912753,Baixa,Transporte,9.295736508941461,0
7.709842337397162,117.73308958746688,Baixa,Transporte,9.422423770599599,0
14.969011658000062,199.68602716466043,Baixa,Transporte,14.584928526456475,0
5.953849143023941,59.45450293754057,Baixa,Transporte,12.902532788674263,0
7.373918201121553,76.10886820061165,Baixa,Transporte,28.451603489203283,0
0.48789269236877875,77.98167041183395,Baixa,Carga,8.529976588429623,0
11.140597817999716,172.5822578291325,Baixa,Transporte,24.848378336296282,0
3.3027480292471703,194.68101262999204,Baixa,Transporte,28.22019901719713,0
17.344889909109767,239.68382984506437,Alta,Transporte,6.593578964338686,1
5.839434210629648,113.55511459041828,Baixa,Transporte,6.23052286351904,0
0.3010679666658955,144.71878972726222,Baixa,Carga,21.891572555176825,0
10.170242288385953,109.44427316112963,Baixa,Transporte,5.889755770161909,0
0.4677470259192701,149.23229350558762,Baixa,Carga,24.00013862405246,0
14.140976612026884,155.44745080831086,Baixa,Transporte,14.228404845230113,0
11.63291425042516,96.33169356639257,Baixa,Transporte,15.068487118670769,0
13.716179188874397,170.83772435115281,Baixa,Transporte,27.154282351399825,0
0.49804663187049847,159.80499521812675,Baixa,Transporte,5.633715106598462,0
3.0950057760868876,120.23275015319314,Baixa,Transporte,19.639093219832546,0
7.58833018326699,85.74597527673949,Baixa,Carga,21.1393045356857,0
0.6861305071876928,64.55621203606935,Baixa,Carga,12.451655029250103,0
8.476997753838134,35.68159493941633,Baixa,Carga,6.9296882556616985,0
12.482012669366128,48.259118605835134,Média,Transporte,26.43826519379809,0
13.812717717235303,103.90036497755698,Baixa,Transporte,24.087896091705307,0
4.153164722208055,180.62580430049752,Baixa,Transporte,17.453248588701058,0
8.900466011060914,463.0265895704372,Alta,Carga,6.160644813397953,1
0.0957880757525037,41.294207152136224,Média,Carga,22.6592999202499,0
4.7812875439810485,159.13042565117883,Média,Carga,26.46266136378886,0
7.472935746797084,66.98463118632709,Média,Transporte,27.98020077634313,0
14.160890095299198,199.30352414917698,Baixa,Carga,17.154341352622076,0
7.2087986598997205,52.81021669073467,Média,Vigilância,14.370623108749943,0
2.053284451032109,33.08526149717443,Baixa,Transporte,5.346553397821503,0
8.26286055913709,59.42998028278972,Média,Transporte,5.005675955456389,0
13.18677461343247,101.76408569621749,Baixa,Carga,12.45681135585307,0
5.63547816860238,454.8345697060469,Alta,Carga,14.667132499660164,1
7.329647856069986,160.71965658326835,Baixa,Carga,25.531253863992607,0
6.126798196060481,196.44644719447686,Média,Transporte,26.096985280773225,0
3.2241056788613514,169.733575322128,Baixa,Transporte,23.951010525280413,0
14.015505221535223,131.75699979113918,Baixa,Vigilância,28.724516676175035,0
2.7215315263469595,77.1177676153922,Baixa,Transporte,12.204613148988237,0
18.00170052944527,301.07160929154463,Alta,Vigilância,11.793916408366242,1
6.6262898246319875,147.94614693347313,Alta,Vigilância,10.036834823111393,1
8.118998680141654,156.68237049889817,Média,Transporte,10.839184026715275,0
2.782882735546817,173.05364009986116,Baixa,Transporte,11.849702486749296,0
2.534025946082468,108.62553917588143,Baixa,Transporte,26.248983262580133,0
11.534811227707657,36.53373840369945,Baixa,Transporte,19.836534567618095,0
17.85586096034029,444.2922333025374,Média,Carga,13.540154375857897,1
9.272336014771787,68.00902857237895,Média,Carga,10.102191528894007,0
10.700243788268287,69.1484628396407,Baixa,Carga,22.54345684693143,0
3.6475828649918114,108.49752416958877,Baixa,Transporte,19.09732302638506,0
9.477202905250026,48.92744208863539,Média,Transporte,10.868860543124281,0
10.800548048191116,42.96965784743665,Baixa,Transporte,8.633167310512603,0
11.542393997879053,91.3579268358668,Baixa,Transporte,13.637021343086143,0
0.82142458233047,196.8989958000486,Média,Transporte,13.384290155436561,0
14.815835846040473,66.75785898186689,Média,Carga,15.194450860154067,0
8.793447480251958,105.48755452805406,Média,Carga,18.531752773541953,0
4.082177058449441,162.0134840528403,Baixa,Carga,17.611398541733884,0
0.19502885266104053,23.53877827539913,Média,Transporte,11.533325447134594,0
6.758162029651403,48.35215590336019,Baixa,Carga,21.62639972516578,0
25.718437728798232,353.41188430435784,Média,Carga,11.698583430450503,1
4.0611700971533065,159.1531433290408,Baixa,Transporte,29.788319395684663,0
0.3660117233480703,38.01598007419395,Baixa,Transporte,11.307868403378825,0
0.8456324497639067,131.43278818494508,Baixa,Transporte,12.395602437413402,0
6.679578825039982,151.28284407354636,Baixa,Transporte,8.086246645258878,0
13.027019638468692,49.080579817155474,Média,Carga,26.541622117477523,0
14.522901418720826,45.60826937854062,Baixa,Transporte,5.995285986143846,0
9.344498753452243,179.57942509142075,Baixa,Carga,12.297779337445181,0
12.023362742184519,136.11590802176332,Alta,Transporte,14.508243130169046,1
2.4543573178750377,45.00271945522496,Baixa,Transporte,5.33072032263235,0
9.545624180177516,353.36150260416935,Alta,Transporte,10.213883758207391,1
2.010228426759611,141.01008269599663,Média,Carga,18.507485169037494,0
8.05095587111947,484.9789179768445,Alta,Carga,3.102890283107495,1
12.453297968504874,107.32216495440815,Baixa,Transporte,19.184773603901835,0
9.617214493279459,142.04070689146772,Baixa,Transporte,17.642418594534348,0
1.9331958286597384,142.1387692710738,Baixa,Carga,19.462312705733254,0
11.152623844374116,97.25557674342203,Média,Transporte,11.215122115332658,0
0.9161693978229563,133.0201956893746,Baixa,Transporte,6.039473996164844,0
8.732556902644099,193.2505642411542,Média,Transporte,28.835071984552375,0
28.487473539104727,157.95794883648924,Alta,Carga,7.514886120210692,1
2.1374331435226983,141.88860896686788,Baixa,Transporte,14.062549613287828,0
12.248991592073656,38.95904253277931,Baixa,Transporte,27.560081902766868,0
12.75872593641363,113.27226129510275,Baixa,Carga,14.795272365429291,0
1.9427238192420626,136.12004037336192,Baixa,Transporte,28.01728501946549,0
9.828629709585325,89.57073062409067,Baixa,Transporte,10.490873214864227,0
9.159300636624488,119.89351423121772,Baixa,Vigilância,12.408145047495001,0
14.53653945211217,56.925971823679966,Média,Vigilância,6.834101686490067,0
8.056598127278217,124.30624582780293,Média,Transporte,6.550919090719538,0
1.304801398671152,148.85598334633866,Média,Transporte,27.87503844368818,0
6.799332521220414,170.42784572052705,Média,Carga,17.990291895075188,0
2.8603158099549986,162.29205125776804,Baixa,Carga,6.490433133616476,0
6.463312854927089,51.623073729352974,Média,Transporte,7.98452528345492,0
3.311544191831406,38.89981381223184,Baixa,Transporte,28.369887937319582,0
4.6554293838536065,76.95123985583433,Baixa,Transporte,6.725923422784373,0
4.276427530407706,95.83585896007354,Baixa,Carga,28.512598821985065,0
4.17885508547938,101.04455674964889,Baixa,Vigilância,9.90614291765414,0
3.194462422633661,133.73426563788348,Baixa,Transporte,7.126409637231028,0
5.747077923742462,57.9257938329387,Baixa,Transporte,19.11476597333659,0
3.896306756404893,134.29317428007414,Baixa,Transporte,9.195364891150716,0
2.28808564371392,92.17459688272507,Baixa,Carga,17.96404221664335,0
13.256788274451385,182.18837029899697,Baixa,Carga,21.57865622438022,0
10.739583432710964,140.74559415644302,Baixa,Transporte,15.459738334458338,0
2.2658683767135033,105.98928697956127,Baixa,Transporte,12.224213123026463,0
14.717792670411352,108.6833133057481,Baixa,Transporte,15.08702422567499,0
2.4392540901733692,100.17986639246463,Baixa,Carga,21.595611871318127,0
5.335090746974237,188.1037326344526,Média,Transporte,27.434642936592873,0
14.20925009417723,155.31386217156913,Média,Transporte,6.101646539259535,0
28.767857660247905,354.56416450551217,Média,Carga,13.733187786834367,1
10.20342363646937,45.21273411045574,Média,Carga,19.223887082046268,0
14.541184835029313,99.77373745123758,Baixa,Carga,21.582767737600047,0
9.047281641995824,134.67074915940358,Baixa,Transporte,12.18053023012877,0
26.577585646889837,236.4265404201034,Alta,Vigilância,10.182182295758412,1
6.911681520490887,85.7763283704111,Baixa,Transporte,16.962276752679728,0
29.140800826863984,477.16388156500767,Média,Vigilância,3.0933884794949664,1
8.099780695737833,175.40990075874132,Baixa,Transporte,25.688092348845426,0
3.891351501469387,43.08077371347603,Baixa,Vigilância,19.62069528264477,0
5.204298028443415,199.37240223206558,Baixa,Carga,7.424141774135618,0
3.0770946072301077,195.41601343291023,Média,Transporte,26.660579588492503,0
11.436880286110359,49.6169977278938,Baixa,Transporte,7.002643165240056,0
22.831119680574876,458.8863031813307,Média,Carga,10.061723771419977,1
5.654166441373613,186.13018390561612,Média,Vigilância,10.408319440770676,0
1.568517605016004,174.2670858093073,Baixa,Transporte,12.449430887396094,0
4.330406051560498,197.08725050965657,Baixa,Transporte,10.777021321862405,0
13.493618599118527,153.5013798943935,Baixa,Carga,13.827572223459738,0
11.697680927267154,55.37128016249246,Média,Transporte,5.014948470869883,0
4.831187483747675,30.30661538800133,Baixa,Transporte,14.898430654898746,0
10.308477766956905,423.2481518257668,Média,Transporte,9.454692545602718,1
13.942937163717387,137.20252148765613,Média,Transporte,9.42883808056564,0
2.7769939325792947,115.30303768508315,Média,Carga,9.965790346546727,0
6.012771251454598,102.54176457559782,Baixa,Transporte,6.2173712099982446,0
7.86767084355382,173.93144473321343,Média,Carga,16.93540473700884,0
5.8836606764959845,195.66309500205028,Baixa,Transporte,11.00747808625917,0
13.029347519334161,165.62206763371466,Baixa,Carga,28.891236681662235,0
2.546368576313111,49.328589903301086,Média,Transporte,13.541027817265046,0
3.4943921213045064,93.6378096115432,Média,Carga,21.94308103003301,0
9.81766821421703,25.858176147982824,Baixa,Carga,27.2047837415326,0
11.99874128059784,135.27724521909872,Baixa,Transporte,10.252679822808794,0
2.4528580887753417,58.334400359950926,Baixa,Carga,29.432095579423233,0
6.321368258887469,76.44361365171142,Média,Transporte,17.40598054752035,0
3.449319088366293,12.395428795394217,Baixa,Transporte,23.48673083096818,0
4.91246028266872,58.74692890325912,Média,Transporte,16.354591568417653,0
10.785688577763683,18.203009801432216,Baixa,Carga,11.404787860983873,0
1.573952676272623,169.03781379615862,Média,Vigilância,21.069876762657728,0
3.6802366452198143,43.711466199244306,Baixa,Transporte,26.99381005735859,0
9.201170838160616,148.30846832501538,Baixa,Transporte,8.4813517696176,0
2.278540402684415,95.25178829828083,Baixa,Transporte,22.51528740986129,0
9.489328397009222,98.14696159434322,Média,Vigilância,18.8887392471405,0
5.251878887500951,63.615544191708025,Baixa,Transporte,29.568488522759647,0
2.3422889604928554,69.92731019212242,Baixa,Transporte,17.095063496516183,0
1.3411650346838928,162.502228861185,Média,Transporte,11.219794718479427,0
8.854424137722116,135.45751674325425,Média,Transporte,9.360231677787489,0
6.130682222763451,195.05501759695989,Alta,Transporte,2.7319425838638853,1
0.3807953349051729,159.51164338850606,Média,Carga,21.730475748121666,0
1.241980018876897,157.52501483494768,Baixa,Transporte,23.003936523273506,0
3.0078709005050506,36.97467805458884,Baixa,Vigilância,8.650525482424063,0
9.876777519876383,144.48866847365605,Baixa,Transporte,5.973946158711605,0
8.802616770313186,165.64588329109014,Baixa,Vigilância,13.482631682739186,0
8.487346516301045,458.4365199693973,Alta,Carga,12.2650358563292,1
6.177613712209028,71.62341309192136,Baixa,Transporte,26.878340465528805,0
0.9856295914252855,114.11230290500166,Baixa,Transporte,18.71471037636721,0
10.561196521488354,84.83423707429012,Baixa,Transporte,17.861533193497355,0
1.6805835325207852,14.491331348803914,Baixa,Carga,15.03654447722608,0
13.101348571224909,118.63674688918123,Baixa,Transporte,23.724078771509962,0
9.613121172048219,80.91784040957461,Baixa,Carga,26.821485539141612,0
13.626758420004425,173.78275163179828,Baixa,Transporte,18.94684189150183,0
11.556111267116899,70.18471864283006,Média,Transporte,18.615771777678397,0
13.812628239260585,97.36208051617083,Média,Carga,21.04548792003588,0
12.835447021594286,150.11241605708227,Baixa,Transporte,22.37382798357619,0
7.540805851387187,128.48128072052435,Baixa,Vigilância,25.658520273754668,0
4.305571997623692,72.74086232558453,Baixa,Transporte,13.639489646770325,0
3.8196098214564578,54.405295562982275,Média,Transporte,25.71632265295723,0
14.761252037989427,87.88192904229477,Baixa,Carga,20.107824556007998,0
12.193515136951163,96.40057257043323,Baixa,Transporte,11.798863984954966,0
6.266501732510006,82.92826086727837,Baixa,Transporte,25.71772459545016,0
12.901835957838069,23.23181815085709,Baixa,Transporte,8.306717877462042,0
7.697285674832611,411.9502183430495,Média,Carga,14.820739678234837,1
1.9123299349797362,174.93077112041556,Baixa,Carga,6.278755140509941,0
20.93893678388033,322.0803246397849,Alta,Vigilância,5.652521464698994,1
8.472616998939246,30.849877748725667,Baixa,Transporte,15.395464200460275,0
2.4639869689648943,153.67103249009676,Baixa,Transporte,12.008368813785312,0
13.103679361601658,47.19781727987376,Baixa,Transporte,20.944353546139787,0
2.328603688960688,150.09784470368194,Baixa,Transporte,8.325244972683219,0
5.713362849465323,106.37461365079456,Média,Transporte,18.13675768389733,0
10.583627587735327,95.23601988136309,Baixa,Vigilância,11.21349552318565,0
20.296322368059485,422.976062065625,Alta,Carga,12.290527568436032,1
0.8676401484509455,59.72407990982214,Baixa,Transporte,11.249322271720743,0
9.96789203835431,106.63513157114247,Alta,Vigilância,14.608424747199308,1
13.663907767407636,170.39238530414747,Baixa,Carga,29.132568090759996,0
2.6006039294213226,121.45560800334007,Baixa,Transporte,21.21913465398465,0
4.034901066526465,133.71804112751806,Baixa,Transporte,20.635836254164836,0
6.2838817425682185,178.4548008956887,Baixa,Transporte,12.015020330947898,0
4.642914244294916,16.967571117373165,Baixa,Transporte,18.703630068200553,0
